,FIPS,PCT_DIABETES_ADULTS10
0,01001,0.118
1,01003,0.118
2,01005,0.142
3,01007,0.111
4,01009,0.14
5,01011,0.175
6,01013,0.16
7,01015,0.139
8,01017,0.15
9,01019,0.136
10,01021,0.125
11,01023,0.173
12,01025,0.157
13,01027,0.147
14,01029,0.133
15,01031,0.126
16,01033,0.137
17,01035,0.177
18,01037,0.156
19,01039,0.137
20,01041,0.148
21,01043,0.13
22,01045,0.139
23,01047,0.151
24,01049,0.129
25,01051,0.123
26,01053,0.132
27,01055,0.141
28,01057,0.158
29,01059,0.142
30,01061,0.136
31,01063,0.194
32,01065,0.163
33,01067,0.143
34,01069,0.13
35,01071,0.134
36,01073,0.117
37,01075,0.138
38,01077,0.125
39,01079,0.141
40,01081,0.098
41,01083,0.107
42,01085,0.193
43,01087,0.166
44,01089,0.117
45,01091,0.174
46,01093,0.129
47,01095,0.136
48,01097,0.121
49,01099,0.139
50,01101,0.143
51,01103,0.119
52,01105,0.182
53,01107,0.157
54,01109,0.146
55,01111,0.148
56,01113,0.132
57,01115,0.135
58,01117,0.089
59,01119,0.16
60,01121,0.141
61,01123,0.14
62,01125,0.105
63,01127,0.151
64,01129,0.134
65,01131,0.181
66,01133,0.121
67,02013,0.077
68,02016,0.067
69,02020,0.07
70,02050,0.067
71,02060,0.083
72,02068,0.068
73,02070,0.082
74,02090,0.061
75,02100,0.083
76,02110,0.063
77,02122,0.067
78,02130,0.072
79,02150,0.061
80,02164,0.084
81,02170,0.068
82,02180,0.078
83,02185,0.076
84,02188,0.072
85,02220,0.075
86,02240,0.067
87,02261,0.067
88,02270,0.067
89,02282,0.086
90,02290,0.082
91,04001,0.149
92,04003,0.09
93,04005,0.073
94,04007,0.112
95,04009,0.108
96,04011,0.093
97,04012,0.134
98,04013,0.08
99,04015,0.12
100,04017,0.116
101,04019,0.079
102,04021,0.104
103,04023,0.064
104,04025,0.093
105,04027,0.097
106,05001,0.144
107,05003,0.119
108,05005,0.108
109,05007,0.087
110,05009,0.118
111,05011,0.14
112,05013,0.12
113,05015,0.114
114,05017,0.152
115,05019,0.115
116,05021,0.127
117,05023,0.129
118,05025,0.13
119,05027,0.127
120,05029,0.129
121,05031,0.115
122,05033,0.102
123,05035,0.14
124,05037,0.13
125,05039,0.136
126,05041,0.137
127,05043,0.126
128,05045,0.104
129,05047,0.121
130,05049,0.122
131,05051,0.111
132,05053,0.11
133,05055,0.149
134,05057,0.143
135,05059,0.115
136,05061,0.127
137,05063,0.117
138,05065,0.11
139,05067,0.138
140,05069,0.152
141,05071,0.119
142,05073,0.13
143,05075,0.124
144,05077,0.132
145,05079,0.109
146,05081,0.123
147,05083,0.127
148,05085,0.108
149,05087,0.135
150,05089,0.142
151,05091,0.121
152,05093,0.135
153,05095,0.141
154,05097,0.117
155,05099,0.145
156,05101,0.126
157,05103,0.131
158,05105,0.125
159,05107,0.159
160,05109,0.123
161,05111,0.122
162,05113,0.114
163,05115,0.119
164,05117,0.124
165,05119,0.111
166,05121,0.123
167,05123,0.126
168,05125,0.114
169,05127,0.125
170,05129,0.123
171,05131,0.114
172,05133,0.138
173,05135,0.12
174,05137,0.135
175,05139,0.119
176,05141,0.128
177,05143,0.081
178,05145,0.107
179,05147,0.133
180,05149,0.129
181,06001,0.078
182,06003,0.096
183,06005,0.098
184,06007,0.081
185,06009,0.091
186,06011,0.078
187,06013,0.076
188,06015,0.088
189,06017,0.081
190,06019,0.09
191,06021,0.078
192,06023,0.084
193,06025,0.074
194,06027,0.093
195,06029,0.078
196,06031,0.075
197,06033,0.1
198,06035,0.075
199,06037,0.077
200,06039,0.091
201,06041,0.055
202,06043,0.094
203,06045,0.077
204,06047,0.08
205,06049,0.088
206,06051,0.066
207,06053,0.069
208,06055,0.072
209,06057,0.072
210,06059,0.074
211,06061,0.072
212,06063,0.093
213,06065,0.095
214,06067,0.092
215,06069,0.074
216,06071,0.085
217,06073,0.075
218,06075,0.069
219,06077,0.095
220,06079,0.067
221,06081,0.072
222,06083,0.066
223,06085,0.076
224,06087,0.06
225,06089,0.09
226,06091,0.095
227,06093,0.088
228,06095,0.104
229,06097,0.066
230,06099,0.083
231,06101,0.084
232,06103,0.089
233,06105,0.095
234,06107,0.074
235,06109,0.079
236,06111,0.071
237,06113,0.07
238,06115,0.077
239,08001,0.067
240,08003,0.065
241,08005,0.06
242,08007,0.065
243,08009,0.077
244,08011,0.064
245,08013,0.047
246,08014,0.055
247,08015,0.06
248,08017,0.075
249,08019,0.055
250,08021,0.061
251,08023,0.078
252,08025,0.063
253,08027,0.079
254,08029,0.076
255,08031,0.059
256,08033,0.071
257,08035,0.041
258,08037,0.036
259,08039,0.051
260,08041,0.059
261,08043,0.085
262,08045,0.05
263,08047,0.06
264,08049,0.055
265,08051,0.043
266,08053,0.066
267,08055,0.083
268,08057,0.066
269,08059,0.056
270,08061,0.076
271,08063,0.073
272,08065,0.049
273,08067,0.055
274,08069,0.05
275,08071,0.075
276,08073,0.076
277,08075,0.068
278,08077,0.066
279,08079,0.072
280,08081,0.065
281,08083,0.066
282,08085,0.063
283,08087,0.073
284,08089,0.075
285,08091,0.068
286,08093,0.052
287,08095,0.076
288,08097,0.048
289,08099,0.073
290,08101,0.087
291,08103,0.061
292,08105,0.073
293,08107,0.033
294,08109,0.055
295,08111,0.059
296,08113,0.047
297,08115,0.075
298,08117,0.039
299,08119,0.068
300,08121,0.071
301,08123,0.061
302,08125,0.06
303,09001,0.071
304,09003,0.085
305,09005,0.077
306,09007,0.08
307,09009,0.096
308,09011,0.079
309,09013,0.073
310,09015,0.102
311,10001,0.119
312,10003,0.084
313,10005,0.115
314,11001,0.081
315,12001,0.072
316,12003,0.134
317,12005,0.103
318,12007,0.133
319,12009,0.124
320,12011,0.092
321,12013,0.135
322,12015,0.13
323,12017,0.129
324,12019,0.112
325,12021,0.101
326,12023,0.129
327,12027,0.128
328,12029,0.137
329,12031,0.108
330,12033,0.124
331,12035,0.117
332,12037,0.099
333,12039,0.144
334,12041,0.109
335,12043,0.125
336,12045,0.113
337,12047,0.14
338,12049,0.132
339,12051,0.114
340,12053,0.12
341,12055,0.137
342,12057,0.105
343,12059,0.153
344,12061,0.117
345,12063,0.127
346,12065,0.134
347,12067,0.11
348,12069,0.12
349,12071,0.105
350,12073,0.089
351,12075,0.13
352,12077,0.119
353,12079,0.144
354,12081,0.112
355,12083,0.124
356,12085,0.087
357,12086,0.088
358,12087,0.072
359,12089,0.102
360,12091,0.096
361,12093,0.103
362,12095,0.09
363,12097,0.095
364,12099,0.095
365,12101,0.112
366,12103,0.11
367,12105,0.122
368,12107,0.147
369,12109,0.082
370,12111,0.131
371,12113,0.104
372,12115,0.102
373,12117,0.107
374,12119,0.138
375,12121,0.124
376,12123,0.13
377,12125,0.138
378,12127,0.119
379,12129,0.107
380,12131,0.106
381,12133,0.134
382,13001,0.14
383,13003,0.11
384,13005,0.111
385,13007,0.144
386,13009,0.113
387,13011,0.108
388,13013,0.116
389,13015,0.114
390,13017,0.143
391,13019,0.118
392,13021,0.121
393,13023,0.123
394,13025,0.109
395,13027,0.148
396,13029,0.103
397,13031,0.108
398,13033,0.126
399,13035,0.129
400,13037,0.131
401,13039,0.116
402,13043,0.115
403,13045,0.129
404,13047,0.124
405,13049,0.115
406,13051,0.104
407,13053,0.073
408,13055,0.121
409,13057,0.087
410,13059,0.09
411,13061,0.175
412,13063,0.113
413,13065,0.129
414,13067,0.088
415,13069,0.117
416,13071,0.128
417,13073,0.098
418,13075,0.136
419,13077,0.11
420,13079,0.125
421,13081,0.142
422,13083,0.115
423,13085,0.108
424,13087,0.129
425,13089,0.09
426,13091,0.153
427,13093,0.131
428,13095,0.125
429,13097,0.116
430,13099,0.134
431,13101,0.101
432,13103,0.096
433,13105,0.142
434,13107,0.113
435,13109,0.141
436,13111,0.132
437,13113,0.106
438,13115,0.105
439,13117,0.097
440,13119,0.115
441,13121,0.079
442,13123,0.116
443,19023,0.082
444,19025,0.108
445,19027,0.081
446,19029,0.086
447,19031,0.102
448,19033,0.101
449,19035,0.092
450,19037,0.088
451,19039,0.083
452,19041,0.086
453,19043,0.083
454,19045,0.091
455,19047,0.08
456,19049,0.074
457,19051,0.102
458,19053,0.085
459,19055,0.084
460,19057,0.118
461,19059,0.088
462,19061,0.09
463,19063,0.093
464,19065,0.091
465,19067,0.106
466,19069,0.093
467,19071,0.099
468,19073,0.09
469,19075,0.099
470,19077,0.09
471,19079,0.095
472,19081,0.09
473,19083,0.085
474,19085,0.091
475,19087,0.092
476,19089,0.089
477,19091,0.105
478,19093,0.094
479,19095,0.088
480,19097,0.094
481,19099,0.102
482,19101,0.095
483,19103,0.054
484,19105,0.088
485,19107,0.084
486,19109,0.104
487,19111,0.096
488,19113,0.087
489,19115,0.089
490,19117,0.092
491,19119,0.086
492,19121,0.101
493,19123,0.091
494,21121,0.142
495,21123,0.131
496,21125,0.117
497,21127,0.145
498,21129,0.122
499,21131,0.148
500,21133,0.172
501,21135,0.139
502,21137,0.124
503,21139,0.139
504,21141,0.113
505,21143,0.129
506,21145,0.104
507,21147,0.131
508,21149,0.126
509,21151,0.106
510,21153,0.126
511,21155,0.111
512,21157,0.104
513,21159,0.123
514,21161,0.141
515,21163,0.108
516,21165,0.149
517,21167,0.116
518,21169,0.131
519,21171,0.125
520,21173,0.108
521,21175,0.138
522,21177,0.121
523,21179,0.098
524,21181,0.135
525,21183,0.138
526,21185,0.106
527,21187,0.127
528,21189,0.137
529,21191,0.107
530,21193,0.158
531,21195,0.148
532,21197,0.134
533,21199,0.124
534,21201,0.142
535,21203,0.127
536,21205,0.107
537,21207,0.13
538,21209,0.102
539,21211,0.114
540,21213,0.132
541,21215,0.109
542,21217,0.132
543,21219,0.115
544,21221,0.117
545,28095,0.139
546,28097,0.17
547,28099,0.156
548,28101,0.137
549,28103,0.168
550,28105,0.098
551,28107,0.14
552,28109,0.14
553,28111,0.153
554,28113,0.159
555,28115,0.128
556,28117,0.126
557,28119,0.183
558,28121,0.119
559,28123,0.138
560,28125,0.162
561,28127,0.137
562,28129,0.128
563,28131,0.118
564,28133,0.138
565,28135,0.13
566,28137,0.148
567,28139,0.121
568,28141,0.121
569,28143,0.15
570,28145,0.122
571,28147,0.153
572,28149,0.12
573,28151,0.139
574,28153,0.129
575,28155,0.134
576,28157,0.172
577,28159,0.168
578,28161,0.163
579,28163,0.132
580,29001,0.092
581,29003,0.097
582,29005,0.108
583,29007,0.108
584,29009,0.101
585,29011,0.116
586,29013,0.113
587,29015,0.143
588,29017,0.118
589,29019,0.068
590,29021,0.121
591,29023,0.107
592,29025,0.112
593,29027,0.103
594,29029,0.105
595,47141,0.105
596,47143,0.122
597,47145,0.129
598,47147,0.107
599,47149,0.098
600,47151,0.115
601,47153,0.117
602,47155,0.121
603,47157,0.118
604,47159,0.111
605,47161,0.132
606,47163,0.146
607,47165,0.1
608,47167,0.116
609,47169,0.117
610,47171,0.121
611,47173,0.118
612,47175,0.122
613,47177,0.112
614,47179,0.114
615,47181,0.111
616,47183,0.109
617,47185,0.119
618,47187,0.092
619,47189,0.115
620,48001,0.115
621,48003,0.099
622,48005,0.11
623,48007,0.121
624,48009,0.125
625,48011,0.113
626,48013,0.102
627,48015,0.103
628,48017,0.097
629,48019,0.13
630,48021,0.103
631,48023,0.117
632,48025,0.095
633,48027,0.096
634,48029,0.093
635,48031,0.112
636,48033,0.114
637,48035,0.107
638,48037,0.11
639,48039,0.094
640,48041,0.071
641,48043,0.09
642,48045,0.116
643,48047,0.106
644,48049,0.105
645,13125,0.115
646,13127,0.099
647,13129,0.103
648,13131,0.124
649,13133,0.147
650,13135,0.074
651,13137,0.107
652,13139,0.122
653,13141,0.163
654,13143,0.118
655,13145,0.127
656,13147,0.117
657,13149,0.117
658,13151,0.096
659,13153,0.097
660,13155,0.123
661,13157,0.093
662,13159,0.118
663,13161,0.117
664,13163,0.141
665,13165,0.135
666,13167,0.134
667,13169,0.13
668,13171,0.118
669,13173,0.112
670,13175,0.118
671,13177,0.111
672,13179,0.102
673,13181,0.137
674,13183,0.101
675,13185,0.111
676,13187,0.091
677,13189,0.147
678,13191,0.135
679,13193,0.143
680,13195,0.118
681,13197,0.141
682,13199,0.132
683,13201,0.144
684,13205,0.129
685,13207,0.123
686,13209,0.123
687,13211,0.136
688,13213,0.116
689,13215,0.125
690,13217,0.112
691,13219,0.096
692,13221,0.117
693,13223,0.108
694,13225,0.131
695,13227,0.113
696,13229,0.132
697,13231,0.117
698,13233,0.135
699,13235,0.127
700,13237,0.142
701,13239,0.163
702,13241,0.136
703,13243,0.162
704,13245,0.118
705,13247,0.135
706,13249,0.129
707,13251,0.129
708,13253,0.148
709,13255,0.126
710,13257,0.15
711,13259,0.136
712,13261,0.136
713,13263,0.167
714,13265,0.163
715,13267,0.105
716,13269,0.133
717,13271,0.121
718,13273,0.147
719,13275,0.137
720,13277,0.134
721,13279,0.137
722,13281,0.141
723,13283,0.123
724,13285,0.137
725,13287,0.134
726,13289,0.149
727,13291,0.139
728,13293,0.136
729,13295,0.132
730,13297,0.114
731,13299,0.148
732,13301,0.153
733,13303,0.148
734,13305,0.116
735,13307,0.137
736,13309,0.103
737,13311,0.112
738,13313,0.11
739,13315,0.116
740,13317,0.164
741,13319,0.138
742,13321,0.122
743,15001,0.082
744,15003,0.089
745,15005,0.115
746,15007,0.086
747,15009,0.086
748,16001,0.073
749,16003,0.112
750,16005,0.1
751,16007,0.098
752,16009,0.115
753,16011,0.124
754,16013,0.058
755,16015,0.101
756,16017,0.091
757,16019,0.086
758,16021,0.085
759,16023,0.097
760,16025,0.092
761,16027,0.095
762,16029,0.084
763,16031,0.104
764,16033,0.094
765,16035,0.106
766,16037,0.098
767,16039,0.086
768,16041,0.091
769,16043,0.089
770,16045,0.099
771,16047,0.098
772,16049,0.105
773,16051,0.086
774,16053,0.092
775,16055,0.085
776,16057,0.073
777,16059,0.105
778,16061,0.108
779,16063,0.073
780,16065,0.059
781,16067,0.118
782,16069,0.114
783,16071,0.1
784,16073,0.114
785,16075,0.092
786,16077,0.084
787,16079,0.109
788,16081,0.066
789,16083,0.088
790,16085,0.087
791,16087,0.116
792,17001,0.093
793,17003,0.114
794,17005,0.097
795,17007,0.085
796,17009,0.088
797,17011,0.096
798,17013,0.099
799,17015,0.113
800,17017,0.101
801,17019,0.077
802,17021,0.106
803,17023,0.093
804,17025,0.101
805,17027,0.087
806,17029,0.077
807,17031,0.091
808,17033,0.097
809,17035,0.098
810,17037,0.072
811,17039,0.096
812,17041,0.084
813,17043,0.076
814,17045,0.112
815,17047,0.097
816,17049,0.089
817,17051,0.102
818,17053,0.099
819,17055,0.109
820,17057,0.085
821,17059,0.105
822,17061,0.103
823,17063,0.089
824,17065,0.098
825,17067,0.101
826,17069,0.107
827,17071,0.103
828,17073,0.093
829,17075,0.103
830,17077,0.082
831,17079,0.102
832,17081,0.107
833,17083,0.091
834,17085,0.101
835,17087,0.096
836,17089,0.08
837,17091,0.098
838,17093,0.066
839,17095,0.099
840,17097,0.073
841,17099,0.099
842,17101,0.095
843,17103,0.102
844,17105,0.098
845,17107,0.1
846,17109,0.085
847,17111,0.072
848,17113,0.086
849,17115,0.101
850,17117,0.104
851,17119,0.111
852,17121,0.082
853,17123,0.102
854,17125,0.102
855,17127,0.113
856,17129,0.096
857,17131,0.099
858,17133,0.094
859,17135,0.094
860,17137,0.099
861,17139,0.095
862,17141,0.098
863,17143,0.095
864,17145,0.094
865,17147,0.103
866,17149,0.098
867,17151,0.107
868,17153,0.124
869,17155,0.101
870,17157,0.086
871,17159,0.1
872,17161,0.093
873,17163,0.111
874,17165,0.107
875,17167,0.105
876,17169,0.096
877,17171,0.1
878,17173,0.095
879,17175,0.098
880,17177,0.115
881,17179,0.085
882,17181,0.1
883,17183,0.105
884,17185,0.099
885,17187,0.103
886,17189,0.101
887,17191,0.102
888,17193,0.097
889,17195,0.103
890,17197,0.096
891,17199,0.086
892,17201,0.106
893,17203,0.09
894,18001,0.089
895,18003,0.103
896,18005,0.102
897,18007,0.121
898,18009,0.122
899,18011,0.085
900,18013,0.121
901,18015,0.105
902,18017,0.101
903,18019,0.102
904,18021,0.106
905,18023,0.135
906,18025,0.122
907,18027,0.113
908,18029,0.102
909,18031,0.102
910,18033,0.097
911,18035,0.105
912,18037,0.096
913,18039,0.093
914,18041,0.115
915,18043,0.098
916,18045,0.123
917,18047,0.132
918,18049,0.107
919,18051,0.102
920,18053,0.131
921,18055,0.133
922,18057,0.075
923,18059,0.096
924,18061,0.109
925,18063,0.09
926,18065,0.106
927,18067,0.13
928,18069,0.123
929,18071,0.102
930,18073,0.117
931,18075,0.122
932,18077,0.106
933,18079,0.104
934,18081,0.105
935,18083,0.102
936,18085,0.107
937,18087,0.109
938,18089,0.124
939,18091,0.103
940,18093,0.14
941,18095,0.124
942,18097,0.106
943,18099,0.103
944,18101,0.102
945,18103,0.114
946,18105,0.088
947,18107,0.106
948,18109,0.104
949,18111,0.119
950,18113,0.102
951,18115,0.112
952,18117,0.123
953,18119,0.109
954,18121,0.12
955,18123,0.094
956,18125,0.118
957,18127,0.099
958,18129,0.107
959,18131,0.122
960,18133,0.119
961,18135,0.13
962,18137,0.094
963,18139,0.113
964,18141,0.095
965,18143,0.116
966,18145,0.114
967,18147,0.106
968,18149,0.118
969,18151,0.129
970,18153,0.109
971,18155,0.114
972,18157,0.091
973,18159,0.125
974,18161,0.115
975,18163,0.107
976,18165,0.127
977,18167,0.088
978,18169,0.132
979,18171,0.124
980,18173,0.103
981,18175,0.103
982,18177,0.094
983,18179,0.108
984,18181,0.106
985,18183,0.09
986,19001,0.11
987,19003,0.094
988,19005,0.09
989,19007,0.09
990,19009,0.106
991,19011,0.09
992,19013,0.09
993,19015,0.089
994,19017,0.091
995,19019,0.098
996,19021,0.084
997,48353,0.109
998,48355,0.1
999,48357,0.087
1000,48359,0.107
1001,48361,0.116
1002,48363,0.118
1003,48365,0.119
1004,48367,0.115
1005,48369,0.09
1006,48371,0.096
1007,48373,0.115
1008,48375,0.099
1009,48377,0.099
1010,48379,0.118
1011,48381,0.089
1012,48383,0.094
1013,48385,0.13
1014,48387,0.127
1015,48389,0.094
1016,48391,0.117
1017,48393,0.104
1018,48395,0.125
1019,48397,0.086
1020,48399,0.111
1021,48401,0.114
1022,48403,0.134
1023,48405,0.136
1024,48407,0.121
1025,48409,0.108
1026,48411,0.107
1027,48413,0.097
1028,48415,0.09
1029,48417,0.106
1030,48419,0.118
1031,48421,0.099
1032,48423,0.104
1033,48425,0.104
1034,48427,0.09
1035,48429,0.108
1036,48431,0.106
1037,48433,0.118
1038,48435,0.102
1039,48437,0.107
1040,48439,0.092
1041,48441,0.104
1042,48443,0.102
1043,48445,0.112
1044,48447,0.118
1045,48449,0.094
1046,48451,0.099
1047,19125,0.082
1048,19127,0.091
1049,19129,0.08
1050,19131,0.086
1051,19133,0.096
1052,19135,0.093
1053,19137,0.101
1054,19139,0.085
1055,19141,0.096
1056,19143,0.087
1057,19145,0.109
1058,19147,0.099
1059,19149,0.091
1060,19151,0.114
1061,19153,0.078
1062,19155,0.1
1063,19157,0.081
1064,19159,0.101
1065,19161,0.096
1066,19163,0.082
1067,19165,0.105
1068,19167,0.072
1069,19169,0.056
1070,19171,0.108
1071,19173,0.098
1072,19175,0.107
1073,19177,0.103
1074,19179,0.093
1075,19181,0.078
1076,19183,0.089
1077,19185,0.097
1078,19187,0.099
1079,19189,0.099
1080,19191,0.079
1081,19193,0.093
1082,19195,0.097
1083,19197,0.088
1084,20001,0.119
1085,20003,0.09
1086,20005,0.101
1087,20007,0.122
1088,20009,0.119
1089,20011,0.098
1090,20013,0.116
1091,20015,0.094
1092,20017,0.104
1093,20019,0.108
1094,20021,0.119
1095,20023,0.109
1096,20025,0.107
1097,20027,0.097
1098,20029,0.118
1099,20031,0.109
1100,20033,0.11
1101,20035,0.111
1102,20037,0.1
1103,20039,0.14
1104,20041,0.104
1105,20043,0.099
1106,20045,0.058
1107,20047,0.106
1108,20049,0.132
1109,20051,0.075
1110,20053,0.102
1111,20055,0.088
1112,20057,0.096
1113,20059,0.111
1114,20061,0.081
1115,20063,0.129
1116,20065,0.117
1117,20067,0.094
1118,20069,0.088
1119,20071,0.11
1120,20073,0.111
1121,20075,0.086
1122,20077,0.115
1123,20079,0.089
1124,20081,0.098
1125,20083,0.11
1126,20085,0.108
1127,20087,0.107
1128,20089,0.129
1129,20091,0.067
1130,20093,0.097
1131,20095,0.116
1132,20097,0.096
1133,20099,0.115
1134,20101,0.105
1135,20103,0.094
1136,20105,0.107
1137,20107,0.107
1138,20109,0.124
1139,20111,0.084
1140,20113,0.096
1141,20115,0.097
1142,20117,0.108
1143,20119,0.109
1144,20121,0.087
1145,20123,0.107
1146,20125,0.122
1147,20127,0.112
1148,20129,0.102
1149,20131,0.115
1150,20133,0.119
1151,20135,0.118
1152,20137,0.094
1153,20139,0.119
1154,20141,0.124
1155,20143,0.102
1156,20145,0.104
1157,20147,0.108
1158,20149,0.103
1159,20151,0.097
1160,20153,0.118
1161,20155,0.116
1162,20157,0.112
1163,20159,0.113
1164,20161,0.064
1165,20163,0.116
1166,20165,0.103
1167,20167,0.122
1168,20169,0.102
1169,20171,0.089
1170,20173,0.099
1171,20175,0.078
1172,20177,0.106
1173,20179,0.105
1174,20181,0.119
1175,20183,0.111
1176,20185,0.115
1177,20187,0.097
1178,20189,0.103
1179,20191,0.124
1180,20193,0.09
1181,20195,0.103
1182,20197,0.1
1183,20199,0.113
1184,20201,0.107
1185,20203,0.11
1186,20205,0.119
1187,20207,0.12
1188,20209,0.131
1189,21001,0.125
1190,21003,0.109
1191,21005,0.127
1192,21007,0.137
1193,21009,0.135
1194,21011,0.133
1195,21013,0.147
1196,21015,0.103
1197,21017,0.137
1198,21019,0.148
1199,21021,0.124
1200,21023,0.125
1201,21025,0.148
1202,21027,0.136
1203,21029,0.124
1204,21031,0.133
1205,21033,0.124
1206,21035,0.108
1207,21037,0.101
1208,21039,0.127
1209,21041,0.129
1210,21043,0.124
1211,21045,0.127
1212,21047,0.107
1213,21049,0.115
1214,21051,0.135
1215,21053,0.115
1216,21055,0.128
1217,21057,0.133
1218,21059,0.114
1219,21061,0.14
1220,21063,0.113
1221,21065,0.134
1222,21067,0.095
1223,21069,0.132
1224,21071,0.172
1225,21073,0.113
1226,21075,0.128
1227,21077,0.118
1228,21079,0.126
1229,21081,0.11
1230,21083,0.117
1231,21085,0.124
1232,21087,0.132
1233,21089,0.154
1234,21091,0.114
1235,21093,0.112
1236,21095,0.151
1237,21097,0.132
1238,21099,0.13
1239,21101,0.11
1240,21103,0.129
1241,21105,0.139
1242,21107,0.121
1243,21109,0.116
1244,21111,0.123
1245,21113,0.113
1246,21115,0.161
1247,21117,0.105
1248,21119,0.15
1249,21223,0.117
1250,21225,0.122
1251,21227,0.093
1252,21229,0.135
1253,21231,0.127
1254,21233,0.132
1255,21235,0.144
1256,21237,0.117
1257,21239,0.107
1258,22001,0.099
1259,22003,0.128
1260,22005,0.104
1261,22007,0.118
1262,22009,0.139
1263,22011,0.126
1264,22013,0.143
1265,22015,0.11
1266,22017,0.128
1267,22019,0.125
1268,22021,0.132
1269,22023,0.118
1270,22025,0.121
1271,22027,0.151
1272,22029,0.125
1273,22031,0.133
1274,22033,0.117
1275,22035,0.154
1276,22037,0.135
1277,22039,0.124
1278,22041,0.143
1279,22043,0.128
1280,22045,0.124
1281,22047,0.133
1282,22049,0.111
1283,22051,0.116
1284,22053,0.137
1285,22055,0.076
1286,22057,0.116
1287,22059,0.117
1288,22061,0.097
1289,22063,0.104
1290,22065,0.127
1291,22067,0.149
1292,22069,0.123
1293,22071,0.115
1294,22073,0.119
1295,22075,0.113
1296,22077,0.146
1297,22079,0.14
1298,22081,0.134
1299,22083,0.118
1300,22085,0.14
1301,22087,0.114
1302,22089,0.106
1303,22091,0.148
1304,22093,0.134
1305,22095,0.125
1306,22097,0.15
1307,22099,0.128
1308,22101,0.127
1309,22103,0.104
1310,22105,0.117
1311,22107,0.144
1312,22109,0.135
1313,22111,0.141
1314,22113,0.124
1315,22115,0.113
1316,22117,0.168
1317,22119,0.132
1318,22121,0.13
1319,22123,0.16
1320,22125,0.13
1321,22127,0.122
1322,23001,0.101
1323,23003,0.141
1324,23005,0.074
1325,23007,0.09
1326,23009,0.089
1327,23011,0.096
1328,23013,0.097
1329,23015,0.091
1330,23017,0.105
1331,23019,0.106
1332,23021,0.121
1333,23023,0.09
1334,23025,0.114
1335,23027,0.102
1336,23029,0.118
1337,23031,0.09
1338,24001,0.121
1339,24003,0.092
1340,24005,0.097
1341,24009,0.095
1342,24011,0.117
1343,24013,0.087
1344,24015,0.103
1345,24017,0.1
1346,24019,0.135
1347,24021,0.088
1348,24023,0.113
1349,24025,0.099
1350,24027,0.076
1351,24029,0.109
1352,24031,0.07
1353,24033,0.111
1354,24035,0.09
1355,24037,0.092
1356,24039,0.103
1357,24041,0.099
1358,24043,0.113
1359,24045,0.11
1360,24047,0.122
1361,24510,0.122
1362,25001,0.086
1363,25003,0.086
1364,25005,0.108
1365,25007,0.079
1366,25009,0.09
1367,25011,0.083
1368,25013,0.105
1369,25015,0.066
1370,25017,0.087
1371,25019,0.075
1372,25021,0.08
1373,25023,0.095
1374,25025,0.081
1375,25027,0.087
1376,26001,0.145
1377,26003,0.109
1378,26005,0.091
1379,26007,0.117
1380,26009,0.1
1381,26011,0.107
1382,26013,0.12
1383,26015,0.097
1384,26017,0.112
1385,26019,0.113
1386,26021,0.112
1387,26023,0.114
1388,26025,0.122
1389,26027,0.097
1390,26029,0.105
1391,26031,0.111
1392,26033,0.113
1393,26035,0.124
1394,26037,0.088
1395,26039,0.11
1396,26041,0.115
1397,26043,0.108
1398,26045,0.1
1399,26047,0.094
1400,26049,0.125
1401,26051,0.119
1402,26053,0.107
1403,26055,0.091
1404,26057,0.107
1405,26059,0.122
1406,26061,0.093
1407,26063,0.107
1408,26065,0.088
1409,26067,0.097
1410,26069,0.124
1411,26071,0.131
1412,26073,0.078
1413,26075,0.098
1414,26077,0.099
1415,26079,0.12
1416,26081,0.095
1417,26083,0.125
1418,26085,0.134
1419,26087,0.097
1420,26089,0.109
1421,26091,0.116
1422,26093,0.084
1423,26095,0.12
1424,26097,0.125
1425,26099,0.108
1426,26101,0.109
1427,26103,0.094
1428,26105,0.119
1429,26107,0.103
1430,26109,0.115
1431,26111,0.099
1432,26113,0.122
1433,26115,0.109
1434,26117,0.089
1435,26119,0.133
1436,26121,0.119
1437,26123,0.132
1438,26125,0.091
1439,26127,0.117
1440,26129,0.121
1441,26131,0.141
1442,26133,0.114
1443,26135,0.144
1444,26137,0.114
1445,26139,0.086
1446,26141,0.135
1447,26143,0.161
1448,26145,0.115
1449,26147,0.102
1450,26149,0.099
1451,26151,0.107
1452,26153,0.113
1453,26155,0.103
1454,26157,0.109
1455,26159,0.114
1456,26161,0.079
1457,26163,0.132
1458,26165,0.104
1459,27001,0.101
1460,27003,0.083
1461,27005,0.082
1462,27007,0.083
1463,27009,0.09
1464,27011,0.087
1465,27013,0.062
1466,27015,0.085
1467,27017,0.081
1468,27019,0.067
1469,27021,0.102
1470,27023,0.09
1471,27025,0.079
1472,27027,0.083
1473,27029,0.097
1474,27031,0.091
1475,27033,0.092
1476,27035,0.085
1477,27037,0.064
1478,27039,0.072
1479,27041,0.083
1480,27043,0.087
1481,27045,0.079
1482,27047,0.099
1483,27049,0.084
1484,27051,0.088
1485,27053,0.066
1486,27055,0.083
1487,27057,0.093
1488,27059,0.083
1489,27061,0.093
1490,27063,0.082
1491,27065,0.08
1492,27067,0.076
1493,27069,0.1
1494,27071,0.106
1495,27073,0.101
1496,27075,0.095
1497,27077,0.089
1498,27079,0.074
1499,27081,0.085
1500,27083,0.076
1501,27085,0.078
1502,27087,0.111
1503,27089,0.093
1504,27091,0.08
1505,27093,0.113
1506,27095,0.083
1507,27097,0.083
1508,27099,0.096
1509,27101,0.091
1510,27103,0.074
1511,27105,0.085
1512,27107,0.102
1513,27109,0.073
1514,27111,0.087
1515,27113,0.095
1516,27115,0.074
1517,27117,0.088
1518,27119,0.084
1519,27121,0.086
1520,27123,0.072
1521,27125,0.081
1522,27127,0.087
1523,27129,0.093
1524,27131,0.077
1525,27133,0.083
1526,27135,0.08
1527,27137,0.083
1528,27139,0.062
1529,27141,0.068
1530,27143,0.082
1531,27145,0.074
1532,27147,0.067
1533,27149,0.074
1534,27151,0.095
1535,27153,0.093
1536,27155,0.097
1537,27157,0.079
1538,27159,0.1
1539,27161,0.089
1540,27163,0.07
1541,27165,0.093
1542,27167,0.086
1543,27169,0.075
1544,27171,0.057
1545,27173,0.094
1546,28001,0.154
1547,28003,0.132
1548,28005,0.145
1549,28007,0.148
1550,28009,0.144
1551,28011,0.142
1552,28013,0.151
1553,28015,0.144
1554,28017,0.14
1555,28019,0.149
1556,28021,0.152
1557,28023,0.14
1558,28025,0.152
1559,28027,0.157
1560,28029,0.143
1561,28031,0.132
1562,28033,0.109
1563,28035,0.113
1564,28037,0.143
1565,28039,0.107
1566,28041,0.138
1567,28043,0.144
1568,28045,0.122
1569,28047,0.121
1570,28049,0.135
1571,28051,0.163
1572,28053,0.153
1573,28055,0.151
1574,28057,0.138
1575,28059,0.129
1576,28061,0.165
1577,28063,0.182
1578,28065,0.141
1579,28067,0.135
1580,28069,0.157
1581,28071,0.094
1582,28073,0.097
1583,28075,0.161
1584,28077,0.168
1585,28079,0.154
1586,28081,0.122
1587,28083,0.147
1588,28085,0.14
1589,28087,0.143
1590,28089,0.115
1591,28091,0.138
1592,28093,0.15
1593,29031,0.105
1594,29033,0.108
1595,29035,0.121
1596,29037,0.099
1597,29039,0.11
1598,29041,0.113
1599,29043,0.085
1600,29045,0.118
1601,29047,0.101
1602,29049,0.115
1603,29051,0.092
1604,29053,0.111
1605,29055,0.1
1606,29057,0.116
1607,29059,0.112
1608,29061,0.109
1609,29063,0.098
1610,29065,0.103
1611,29067,0.124
1612,29069,0.128
1613,29071,0.101
1614,29073,0.108
1615,29075,0.113
1616,29077,0.091
1617,29079,0.098
1618,29081,0.121
1619,29083,0.105
1620,29085,0.131
1621,29087,0.114
1622,29089,0.107
1623,29091,0.103
1624,29093,0.113
1625,29095,0.1
1626,29097,0.098
1627,29099,0.098
1628,29101,0.104
1629,29103,0.111
1630,29105,0.101
1631,29107,0.098
1632,29109,0.117
1633,29111,0.112
1634,29113,0.126
1635,29115,0.105
1636,29117,0.112
1637,29119,0.107
1638,29121,0.109
1639,29123,0.112
1640,29125,0.112
1641,29127,0.088
1642,29129,0.123
1643,29131,0.102
1644,29133,0.114
1645,29135,0.106
1646,29137,0.129
1647,29139,0.119
1648,29141,0.122
1649,29143,0.124
1650,29145,0.123
1651,29147,0.084
1652,29149,0.133
1653,29151,0.109
1654,29153,0.119
1655,29155,0.115
1656,29157,0.112
1657,29159,0.107
1658,29161,0.096
1659,29163,0.11
1660,29165,0.091
1661,29167,0.103
1662,29169,0.086
1663,29171,0.103
1664,29173,0.123
1665,29175,0.11
1666,29177,0.104
1667,29179,0.122
1668,29181,0.117
1669,29183,0.076
1670,29185,0.121
1671,29186,0.105
1672,29187,0.103
1673,29189,0.1
1674,29195,0.12
1675,29197,0.111
1676,29199,0.11
1677,29201,0.105
1678,29203,0.127
1679,29205,0.117
1680,29207,0.106
1681,29209,0.116
1682,29211,0.113
1683,29213,0.113
1684,29215,0.103
1685,29217,0.11
1686,29219,0.103
1687,29221,0.103
1688,29223,0.119
1689,29225,0.111
1690,29227,0.117
1691,29229,0.12
1692,29510,0.117
1693,30001,0.082
1694,30003,0.128
1695,30005,0.116
1696,30007,0.078
1697,30009,0.08
1698,30011,0.082
1699,30013,0.083
1700,30015,0.098
1701,30017,0.093
1702,30019,0.091
1703,30021,0.075
1704,30023,0.081
1705,30025,0.079
1706,30027,0.082
1707,30029,0.07
1708,30031,0.041
1709,30033,0.079
1710,30035,0.128
1711,30037,0.094
1712,30039,0.081
1713,30041,0.082
1714,30043,0.075
1715,30045,0.085
1716,30047,0.091
1717,30049,0.067
1718,30051,0.078
1719,30053,0.095
1720,30055,0.079
1721,30057,0.077
1722,30059,0.088
1723,30061,0.093
1724,30063,0.048
1725,30065,0.086
1726,30067,0.063
1727,30069,0.09
1728,30071,0.085
1729,30073,0.09
1730,30075,0.086
1731,30077,0.079
1732,30079,0.095
1733,30081,0.067
1734,30083,0.069
1735,30085,0.133
1736,30087,0.101
1737,30089,0.104
1738,30091,0.091
1739,30093,0.088
1740,30095,0.083
1741,30097,0.08
1742,30099,0.084
1743,30101,0.083
1744,30103,0.087
1745,30105,0.103
1746,30107,0.082
1747,30109,0.095
1748,30111,0.085
1749,31001,0.08
1750,31003,0.113
1751,31005,0.097
1752,31007,0.11
1753,31009,0.091
1754,31011,0.093
1755,31013,0.102
1756,31015,0.09
1757,31017,0.114
1758,31019,0.071
1759,31021,0.11
1760,31023,0.079
1761,31025,0.092
1762,31027,0.093
1763,31029,0.092
1764,31031,0.081
1765,31033,0.085
1766,31035,0.107
1767,31037,0.079
1768,31039,0.08
1769,31041,0.096
1770,31043,0.096
1771,31045,0.086
1772,31047,0.094
1773,31049,0.102
1774,31051,0.084
1775,31053,0.089
1776,31055,0.084
1777,31057,0.101
1778,31059,0.091
1779,31061,0.101
1780,31063,0.088
1781,31065,0.11
1782,31067,0.107
1783,31069,0.099
1784,31071,0.099
1785,31073,0.099
1786,31075,0.087
1787,31077,0.093
1788,31079,0.087
1789,31081,0.083
1790,31083,0.094
1791,31085,0.091
1792,31087,0.095
1793,31089,0.095
1794,31091,0.105
1795,31093,0.092
1796,31095,0.097
1797,31097,0.089
1798,31099,0.074
1799,31101,0.087
1800,31103,0.103
1801,31105,0.101
1802,31107,0.089
1803,31109,0.07
1804,31111,0.09
1805,31113,0.082
1806,31115,0.107
1807,31117,0.094
1808,31119,0.08
1809,31121,0.1
1810,31123,0.114
1811,31125,0.113
1812,31127,0.089
1813,31129,0.095
1814,31131,0.101
1815,31133,0.118
1816,31135,0.087
1817,31137,0.096
1818,31139,0.097
1819,31141,0.077
1820,31143,0.103
1821,31145,0.097
1822,31147,0.12
1823,31149,0.104
1824,31151,0.086
1825,31153,0.078
1826,31155,0.084
1827,31157,0.102
1828,31159,0.084
1829,31161,0.11
1830,31163,0.09
1831,31165,0.081
1832,31167,0.088
1833,31169,0.118
1834,31171,0.101
1835,31173,0.151
1836,31175,0.116
1837,31177,0.091
1838,31179,0.072
1839,31181,0.113
1840,31183,0.098
1841,31185,0.09
1842,32001,0.091
1843,32003,0.085
1844,32005,0.081
1845,32007,0.077
1846,32009,0.105
1847,32011,0.087
1848,32013,0.071
1849,32015,0.084
1850,32017,0.091
1851,32019,0.096
1852,32021,0.12
1853,32023,0.109
1854,32027,0.086
1855,32029,0.095
1856,32031,0.069
1857,32033,0.084
1858,32510,0.09
1859,33001,0.094
1860,33003,0.097
1861,33005,0.091
1862,33007,0.103
1863,33009,0.086
1864,33011,0.09
1865,33013,0.082
1866,33015,0.076
1867,33017,0.09
1868,33019,0.086
1869,34001,0.099
1870,34003,0.075
1871,34005,0.096
1872,34007,0.093
1873,34009,0.112
1874,34011,0.117
1875,34013,0.097
1876,34015,0.095
1877,34017,0.077
1878,34019,0.066
1879,34021,0.089
1880,34023,0.092
1881,34025,0.085
1882,34027,0.074
1883,34029,0.111
1884,34031,0.091
1885,34033,0.114
1886,34035,0.074
1887,34037,0.075
1888,34039,0.082
1889,34041,0.086
1890,35001,0.059
1891,35003,0.096
1892,35005,0.102
1893,35006,0.117
1894,35007,0.09
1895,35009,0.088
1896,35011,0.093
1897,35013,0.072
1898,35015,0.108
1899,35017,0.078
1900,35019,0.078
1901,35021,0.096
1902,35023,0.083
1903,35025,0.084
1904,35027,0.081
1905,35028,0.067
1906,35029,0.092
1907,35031,0.13
1908,35033,0.098
1909,35035,0.098
1910,35037,0.09
1911,35039,0.085
1912,35041,0.07
1913,35043,0.074
1914,35045,0.095
1915,35047,0.087
1916,35049,0.045
1917,35051,0.106
1918,35053,0.081
1919,35055,0.071
1920,35057,0.089
1921,35059,0.073
1922,35061,0.082
1923,36001,0.084
1924,36003,0.103
1925,36005,0.103
1926,36007,0.1
1927,36009,0.106
1928,36011,0.097
1929,36013,0.098
1930,36015,0.114
1931,36017,0.09
1932,36019,0.083
1933,36021,0.086
1934,36023,0.091
1935,36025,0.099
1936,36027,0.097
1937,36029,0.101
1938,36031,0.098
1939,36033,0.097
1940,36035,0.097
1941,36037,0.118
1942,36039,0.098
1943,36041,0.118
1944,36043,0.1
1945,36045,0.087
1946,36047,0.102
1947,36049,0.109
1948,36051,0.095
1949,36053,0.082
1950,36055,0.096
1951,36057,0.089
1952,36059,0.087
1953,36061,0.073
1954,36063,0.104
1955,36065,0.092
1956,36067,0.101
1957,36069,0.09
1958,36071,0.096
1959,36073,0.096
1960,36075,0.101
1961,36077,0.099
1962,36079,0.092
1963,36081,0.093
1964,36083,0.1
1965,36085,0.1
1966,36087,0.104
1967,36089,0.102
1968,36091,0.083
1969,36093,0.113
1970,36095,0.088
1971,36097,0.09
1972,36099,0.095
1973,36101,0.105
1974,36103,0.079
1975,36105,0.108
1976,36107,0.097
1977,36109,0.072
1978,36111,0.093
1979,36113,0.099
1980,36115,0.1
1981,36117,0.097
1982,36119,0.082
1983,36121,0.086
1984,36123,0.093
1985,37001,0.124
1986,37003,0.108
1987,37005,0.114
1988,37007,0.133
1989,37009,0.096
1990,37011,0.105
1991,37013,0.148
1992,37015,0.148
1993,37017,0.147
1994,37019,0.119
1995,37021,0.095
1996,37023,0.129
1997,37025,0.099
1998,37027,0.116
1999,37029,0.11
2000,37031,0.113
2001,37033,0.14
2002,37035,0.101
2003,37037,0.098
2004,37039,0.136
2005,37041,0.14
2006,37043,0.111
2007,37045,0.136
2008,37047,0.132
2009,37049,0.122
2010,37051,0.12
2011,37053,0.113
2012,37055,0.1
2013,37057,0.112
2014,37059,0.119
2015,37061,0.14
2016,37063,0.094
2017,37065,0.147
2018,37067,0.101
2019,37069,0.106
2020,37071,0.123
2021,37073,0.134
2022,37075,0.122
2023,37077,0.125
2024,37079,0.118
2025,37081,0.101
2026,37083,0.161
2027,37085,0.111
2028,37087,0.104
2029,37089,0.097
2030,37091,0.144
2031,37093,0.112
2032,37095,0.122
2033,37097,0.089
2034,37099,0.126
2035,37101,0.116
2036,37103,0.152
2037,37105,0.11
2038,37107,0.15
2039,37109,0.104
2040,37111,0.134
2041,37113,0.107
2042,37115,0.11
2043,37117,0.152
2044,37119,0.084
2045,37121,0.116
2046,37123,0.127
2047,37125,0.113
2048,37127,0.123
2049,37129,0.105
2050,37131,0.142
2051,37133,0.086
2052,37135,0.067
2053,37137,0.134
2054,37139,0.124
2055,37141,0.116
2056,37143,0.143
2057,37145,0.136
2058,37147,0.089
2059,37149,0.102
2060,37151,0.104
2061,37153,0.127
2062,37155,0.155
2063,37157,0.118
2064,37159,0.126
2065,37161,0.124
2066,37163,0.128
2067,37165,0.135
2068,37167,0.119
2069,37169,0.103
2070,37171,0.126
2071,37173,0.152
2072,37175,0.098
2073,37177,0.131
2074,37179,0.087
2075,37181,0.144
2076,37183,0.07
2077,37185,0.16
2078,37187,0.142
2079,37189,0.092
2080,37191,0.123
2081,37193,0.13
2082,37195,0.138
2083,37197,0.099
2084,37199,0.109
2085,38001,0.112
2086,38003,0.064
2087,38005,0.103
2088,38007,0.09
2089,38009,0.1
2090,38011,0.094
2091,38013,0.102
2092,38015,0.074
2093,38017,0.07
2094,38019,0.102
2095,38021,0.098
2096,38023,0.091
2097,38025,0.097
2098,38027,0.095
2099,38029,0.113
2100,38031,0.094
2101,38033,0.086
2102,38035,0.065
2103,38037,0.105
2104,38039,0.097
2105,38041,0.096
2106,38043,0.098
2107,38045,0.1
2108,38047,0.116
2109,38049,0.094
2110,38051,0.101
2111,38053,0.097
2112,38055,0.106
2113,38057,0.089
2114,38059,0.075
2115,38061,0.089
2116,38063,0.104
2117,38065,0.098
2118,38067,0.101
2119,38069,0.104
2120,38071,0.078
2121,38073,0.101
2122,38075,0.089
2123,38077,0.079
2124,38079,0.145
2125,38081,0.1
2126,38083,0.117
2127,38085,0.119
2128,38087,0.091
2129,38089,0.096
2130,38091,0.089
2131,38093,0.083
2132,38095,0.098
2133,38097,0.081
2134,38099,0.094
2135,38101,0.092
2136,38103,0.099
2137,38105,0.079
2138,39001,0.102
2139,39003,0.12
2140,39005,0.111
2141,39007,0.117
2142,39009,0.097
2143,39011,0.119
2144,39013,0.122
2145,39015,0.128
2146,39017,0.104
2147,39019,0.113
2148,39021,0.106
2149,39023,0.125
2150,39025,0.098
2151,39027,0.106
2152,39029,0.123
2153,39031,0.115
2154,39033,0.135
2155,39035,0.106
2156,39037,0.115
2157,39039,0.107
2158,39041,0.087
2159,39043,0.108
2160,39045,0.107
2161,39047,0.11
2162,39049,0.1
2163,39051,0.12
2164,39053,0.12
2165,39055,0.098
2166,39057,0.103
2167,39059,0.121
2168,39061,0.106
2169,39063,0.099
2170,39065,0.103
2171,39067,0.128
2172,39069,0.11
2173,39071,0.116
2174,39073,0.117
2175,39075,0.095
2176,39077,0.112
2177,39079,0.115
2178,39081,0.162
2179,39083,0.107
2180,39085,0.112
2181,39087,0.124
2182,39089,0.119
2183,39091,0.127
2184,39093,0.116
2185,39095,0.103
2186,39097,0.113
2187,39099,0.118
2188,39101,0.113
2189,39103,0.111
2190,39105,0.13
2191,39107,0.111
2192,39109,0.105
2193,39111,0.113
2194,39113,0.125
2195,39115,0.129
2196,39117,0.113
2197,39119,0.113
2198,39121,0.123
2199,39123,0.116
2200,39125,0.101
2201,39127,0.11
2202,39129,0.102
2203,39131,0.128
2204,39133,0.089
2205,39135,0.112
2206,39137,0.097
2207,39139,0.105
2208,39141,0.112
2209,39143,0.118
2210,39145,0.12
2211,39147,0.1
2212,39149,0.101
2213,39151,0.113
2214,39153,0.104
2215,39155,0.112
2216,39157,0.091
2217,39159,0.098
2218,39161,0.117
2219,39163,0.108
2220,39165,0.086
2221,39167,0.115
2222,39169,0.099
2223,39171,0.117
2224,39173,0.106
2225,39175,0.109
2226,40001,0.139
2227,40003,0.13
2228,40005,0.129
2229,40007,0.113
2230,40009,0.104
2231,40011,0.115
2232,40013,0.118
2233,40015,0.11
2234,40017,0.106
2235,40019,0.122
2236,40021,0.116
2237,40023,0.148
2238,40025,0.125
2239,40027,0.09
2240,40029,0.136
2241,40031,0.109
2242,40033,0.125
2243,40035,0.136
2244,40037,0.122
2245,40039,0.108
2246,40041,0.159
2247,40043,0.138
2248,40045,0.123
2249,40047,0.107
2250,40049,0.118
2251,40051,0.101
2252,40053,0.123
2253,40055,0.115
2254,40057,0.128
2255,40059,0.117
2256,40061,0.122
2257,40063,0.136
2258,40065,0.119
2259,40067,0.122
2260,40069,0.128
2261,40071,0.14
2262,40073,0.113
2263,40075,0.148
2264,40077,0.126
2265,40079,0.127
2266,40081,0.119
2267,40083,0.126
2268,40085,0.133
2269,40087,0.12
2270,40089,0.121
2271,40091,0.149
2272,40093,0.123
2273,40095,0.134
2274,40097,0.137
2275,40099,0.115
2276,40101,0.141
2277,40103,0.124
2278,40105,0.127
2279,40107,0.133
2280,40109,0.105
2281,40111,0.131
2282,40113,0.124
2283,40115,0.132
2284,40117,0.15
2285,40119,0.085
2286,40121,0.134
2287,40123,0.108
2288,40125,0.12
2289,40127,0.14
2290,40129,0.124
2291,40131,0.114
2292,40133,0.131
2293,40135,0.149
2294,40137,0.114
2295,40139,0.087
2296,40141,0.122
2297,40143,0.103
2298,40145,0.13
2299,40147,0.118
2300,40149,0.11
2301,40151,0.099
2302,40153,0.105
2303,41001,0.114
2304,41003,0.065
2305,41005,0.084
2306,41007,0.098
2307,41009,0.099
2308,41011,0.096
2309,41013,0.098
2310,41015,0.113
2311,41017,0.08
2312,41019,0.122
2313,41021,0.102
2314,41023,0.103
2315,41025,0.104
2316,41027,0.08
2317,41029,0.088
2318,41031,0.088
2319,41033,0.112
2320,41035,0.093
2321,41037,0.097
2322,41039,0.086
2323,41041,0.119
2324,41043,0.095
2325,41045,0.094
2326,41047,0.087
2327,41049,0.093
2328,41051,0.074
2329,41053,0.098
2330,41055,0.102
2331,41057,0.1
2332,41059,0.103
2333,41061,0.099
2334,41063,0.098
2335,41065,0.097
2336,41067,0.065
2337,41069,0.115
2338,41071,0.079
2339,42001,0.115
2340,42003,0.092
2341,42005,0.109
2342,42007,0.112
2343,42009,0.124
2344,42011,0.092
2345,42013,0.105
2346,42015,0.097
2347,42017,0.095
2348,42019,0.099
2349,42021,0.126
2350,42023,0.12
2351,42025,0.113
2352,42027,0.073
2353,42029,0.082
2354,42031,0.113
2355,42033,0.1
2356,42035,0.088
2357,42037,0.107
2358,42039,0.124
2359,42041,0.092
2360,42043,0.11
2361,42045,0.093
2362,42047,0.127
2363,42049,0.103
2364,42051,0.129
2365,42053,0.112
2366,42055,0.109
2367,42057,0.106
2368,42059,0.093
2369,42061,0.096
2370,42063,0.099
2371,42065,0.13
2372,42067,0.114
2373,42069,0.112
2374,42071,0.095
2375,42073,0.105
2376,42075,0.112
2377,42077,0.103
2378,42079,0.107
2379,42081,0.104
2380,42083,0.101
2381,42085,0.12
2382,42087,0.11
2383,42089,0.097
2384,42091,0.075
2385,42093,0.123
2386,42095,0.091
2387,42097,0.107
2388,42099,0.103
2389,42101,0.115
2390,42103,0.112
2391,42105,0.111
2392,42107,0.107
2393,42109,0.119
2394,42111,0.105
2395,42113,0.116
2396,42115,0.13
2397,42117,0.094
2398,42119,0.105
2399,42121,0.102
2400,42123,0.12
2401,42125,0.113
2402,42127,0.11
2403,42129,0.11
2404,42131,0.093
2405,42133,0.1
2406,44001,0.062
2407,44003,0.089
2408,44005,0.077
2409,44007,0.089
2410,44009,0.068
2411,45001,0.136
2412,45003,0.11
2413,45005,0.155
2414,45007,0.114
2415,45009,0.16
2416,45011,0.135
2417,45013,0.089
2418,45015,0.119
2419,45017,0.158
2420,45019,0.108
2421,45021,0.12
2422,45023,0.136
2423,45025,0.124
2424,45027,0.158
2425,45029,0.162
2426,45031,0.147
2427,45033,0.141
2428,45035,0.103
2429,45037,0.127
2430,45039,0.164
2431,45041,0.137
2432,45043,0.134
2433,45045,0.107
2434,45047,0.109
2435,45049,0.167
2436,45051,0.114
2437,45053,0.131
2438,45055,0.124
2439,45057,0.127
2440,45059,0.139
2441,45061,0.142
2442,45063,0.114
2443,45065,0.145
2444,45067,0.154
2445,45069,0.139
2446,45071,0.133
2447,45073,0.13
2448,45075,0.16
2449,45077,0.097
2450,45079,0.109
2451,45081,0.124
2452,45083,0.119
2453,45085,0.141
2454,45087,0.145
2455,45089,0.177
2456,45091,0.096
2457,46003,0.088
2458,46005,0.08
2459,46007,0.135
2460,46009,0.095
2461,46011,0.063
2462,46013,0.081
2463,46015,0.086
2464,46017,0.178
2465,46019,0.083
2466,46021,0.097
2467,46023,0.124
2468,46025,0.093
2469,46027,0.062
2470,46029,0.078
2471,46031,0.157
2472,46033,0.095
2473,46035,0.087
2474,46037,0.097
2475,46039,0.083
2476,46041,0.171
2477,46043,0.097
2478,46045,0.089
2479,46047,0.123
2480,46049,0.103
2481,46051,0.108
2482,46053,0.099
2483,46055,0.1
2484,46057,0.093
2485,46059,0.097
2486,46061,0.077
2487,46063,0.088
2488,46065,0.093
2489,46067,0.097
2490,46069,0.101
2491,46071,0.122
2492,46073,0.083
2493,46075,0.093
2494,46077,0.092
2495,46079,0.095
2496,46081,0.078
2497,46083,0.064
2498,46085,0.109
2499,46087,0.097
2500,46089,0.103
2501,46091,0.095
2502,46093,0.09
2503,46095,0.145
2504,46097,0.088
2505,46099,0.08
2506,46101,0.095
2507,46103,0.087
2508,46105,0.098
2509,46107,0.109
2510,46109,0.125
2511,46111,0.098
2512,46113,0.179
2513,46115,0.092
2514,46117,0.099
2515,46119,0.088
2516,46121,0.149
2517,46123,0.13
2518,46125,0.086
2519,46127,0.073
2520,46129,0.119
2521,46135,0.083
2522,46137,0.145
2523,47001,0.12
2524,47003,0.122
2525,47005,0.139
2526,47007,0.131
2527,47009,0.108
2528,47011,0.129
2529,47013,0.132
2530,47015,0.114
2531,47017,0.136
2532,47019,0.14
2533,47021,0.1
2534,47023,0.123
2535,47025,0.121
2536,47027,0.126
2537,47029,0.132
2538,47031,0.128
2539,47033,0.132
2540,47035,0.12
2541,47037,0.093
2542,47039,0.132
2543,47041,0.118
2544,47043,0.123
2545,47045,0.122
2546,47047,0.146
2547,47049,0.131
2548,47051,0.112
2549,47053,0.122
2550,47055,0.117
2551,47057,0.117
2552,47059,0.135
2553,47061,0.122
2554,47063,0.123
2555,47065,0.118
2556,47067,0.135
2557,47069,0.126
2558,47071,0.132
2559,47073,0.126
2560,47075,0.145
2561,47077,0.115
2562,47079,0.15
2563,47081,0.12
2564,47083,0.126
2565,47085,0.133
2566,47087,0.121
2567,47089,0.114
2568,47091,0.131
2569,47093,0.105
2570,47095,0.116
2571,47097,0.122
2572,47099,0.117
2573,47101,0.119
2574,47103,0.111
2575,47105,0.138
2576,47107,0.124
2577,47109,0.126
2578,47111,0.122
2579,47113,0.126
2580,47115,0.117
2581,47117,0.111
2582,47119,0.118
2583,47121,0.137
2584,47123,0.124
2585,47125,0.105
2586,47127,0.118
2587,47129,0.111
2588,47131,0.132
2589,47133,0.118
2590,47135,0.123
2591,47137,0.129
2592,47139,0.124
2593,48051,0.118
2594,48053,0.101
2595,48055,0.098
2596,48057,0.104
2597,48059,0.098
2598,48061,0.083
2599,48063,0.127
2600,48065,0.108
2601,48067,0.114
2602,48069,0.1
2603,48071,0.092
2604,48073,0.114
2605,48075,0.096
2606,48077,0.121
2607,48079,0.111
2608,48081,0.118
2609,48083,0.116
2610,48085,0.08
2611,48087,0.111
2612,48089,0.115
2613,48091,0.102
2614,48093,0.11
2615,48095,0.091
2616,48097,0.102
2617,48099,0.087
2618,48101,0.125
2619,48103,0.098
2620,48105,0.103
2621,48107,0.11
2622,48109,0.105
2623,48111,0.091
2624,48113,0.092
2625,48115,0.102
2626,48117,0.092
2627,48119,0.116
2628,48121,0.084
2629,48123,0.107
2630,48125,0.107
2631,48127,0.108
2632,48129,0.118
2633,48131,0.102
2634,48133,0.126
2635,48135,0.104
2636,48137,0.117
2637,48139,0.098
2638,48141,0.084
2639,48143,0.091
2640,48145,0.123
2641,48147,0.108
2642,48149,0.113
2643,48151,0.12
2644,48153,0.122
2645,48155,0.123
2646,48157,0.079
2647,48159,0.111
2648,48161,0.114
2649,48163,0.088
2650,48165,0.097
2651,48167,0.099
2652,48169,0.092
2653,48171,0.116
2654,48173,0.1
2655,48175,0.116
2656,48177,0.112
2657,48179,0.123
2658,48181,0.102
2659,48183,0.112
2660,48185,0.106
2661,48187,0.085
2662,48189,0.098
2663,48191,0.118
2664,48193,0.12
2665,48195,0.1
2666,48197,0.115
2667,48199,0.113
2668,48201,0.08
2669,48203,0.113
2670,48205,0.102
2671,48207,0.115
2672,48209,0.078
2673,48211,0.096
2674,48213,0.109
2675,48215,0.096
2676,48217,0.114
2677,48219,0.094
2678,48221,0.109
2679,48223,0.113
2680,48225,0.125
2681,48227,0.106
2682,48229,0.107
2683,48231,0.111
2684,48233,0.108
2685,48235,0.113
2686,48237,0.097
2687,48239,0.11
2688,48241,0.121
2689,48243,0.125
2690,48245,0.128
2691,48247,0.102
2692,48249,0.094
2693,48251,0.127
2694,48253,0.099
2695,48255,0.096
2696,48257,0.101
2697,48259,0.102
2698,48261,0.101
2699,48263,0.123
2700,48265,0.122
2701,48267,0.118
2702,48269,0.103
2703,48271,0.115
2704,48273,0.083
2705,48275,0.116
2706,48277,0.124
2707,48279,0.098
2708,48281,0.102
2709,48283,0.086
2710,48285,0.123
2711,48287,0.112
2712,48289,0.131
2713,48291,0.095
2714,48293,0.11
2715,48295,0.102
2716,48297,0.117
2717,48299,0.126
2718,48301,0.11
2719,48303,0.083
2720,48305,0.114
2721,48307,0.114
2722,48309,0.097
2723,48311,0.121
2724,48313,0.103
2725,48315,0.133
2726,48317,0.098
2727,48319,0.119
2728,48321,0.113
2729,48323,0.09
2730,48325,0.097
2731,48327,0.121
2732,48329,0.081
2733,48331,0.12
2734,48333,0.12
2735,48335,0.095
2736,48337,0.108
2737,48339,0.089
2738,48341,0.095
2739,48343,0.13
2740,48345,0.125
2741,48347,0.099
2742,48349,0.114
2743,48351,0.118
2744,48453,0.065
2745,48455,0.131
2746,48457,0.115
2747,48459,0.13
2748,48461,0.104
2749,48463,0.103
2750,48465,0.098
2751,48467,0.125
2752,48469,0.111
2753,48471,0.096
2754,48473,0.098
2755,48475,0.097
2756,48477,0.107
2757,48479,0.088
2758,48481,0.115
2759,48483,0.112
2760,48485,0.113
2761,48487,0.109
2762,48489,0.088
2763,48491,0.075
2764,48493,0.098
2765,48495,0.1
2766,48497,0.088
2767,48499,0.117
2768,48501,0.092
2769,48503,0.112
2770,48505,0.084
2771,48507,0.093
2772,49001,0.088
2773,49003,0.082
2774,49005,0.06
2775,49007,0.094
2776,49009,0.085
2777,49011,0.063
2778,49013,0.083
2779,49015,0.08
2780,49017,0.09
2781,49019,0.062
2782,49021,0.068
2783,49023,0.068
2784,49025,0.099
2785,49027,0.079
2786,49029,0.074
2787,49031,0.098
2788,49033,0.088
2789,49035,0.068
2790,49037,0.091
2791,49039,0.077
2792,49041,0.099
2793,49043,0.04
2794,49045,0.089
2795,49047,0.081
2796,49049,0.057
2797,49051,0.062
2798,49053,0.076
2799,49055,0.085
2800,49057,0.082
2801,50001,0.072
2802,50003,0.081
2803,50005,0.082
2804,50007,0.055
2805,50009,0.101
2806,50011,0.08
2807,50013,0.072
2808,50015,0.076
2809,50017,0.078
2810,50019,0.087
2811,50021,0.087
2812,50023,0.073
2813,50025,0.073
2814,50027,0.082
2815,51001,0.129
2816,51003,0.107
2817,51005,0.103
2818,51007,0.112
2819,51009,0.129
2820,51011,0.124
2821,51013,0.054
2822,51015,0.099
2823,51017,0.115
2824,51019,0.096
2825,51021,0.115
2826,51023,0.104
2827,51025,0.135
2828,51027,0.119
2829,51029,0.124
2830,51031,0.102
2831,51033,0.12
2832,51035,0.119
2833,51036,0.143
2834,51037,0.128
2835,51041,0.099
2836,51043,0.109
2837,51045,0.101
2838,51047,0.1
2839,51049,0.13
2840,51051,0.119
2841,51053,0.126
2842,51057,0.132
2843,51059,0.078
2844,51061,0.103
2845,51063,0.113
2846,51065,0.1
2847,51067,0.117
2848,51069,0.09
2849,51071,0.128
2850,51073,0.12
2851,51075,0.112
2852,51077,0.131
2853,51079,0.097
2854,51081,0.117
2855,51083,0.143
2856,51085,0.091
2857,51087,0.094
2858,51089,0.131
2859,51091,0.124
2860,51093,0.134
2861,51095,0.106
2862,51097,0.124
2863,51099,0.109
2864,51101,0.103
2865,51103,0.14
2866,51105,0.111
2867,51107,0.073
2868,51109,0.112
2869,51111,0.134
2870,51113,0.107
2871,51115,0.13
2872,51117,0.128
2873,51119,0.127
2874,51121,0.069
2875,51125,0.121
2876,51127,0.106
2877,51131,0.151
2878,51133,0.134
2879,51135,0.117
2880,51137,0.118
2881,51139,0.105
2882,51141,0.122
2883,51143,0.126
2884,51145,0.102
2885,51147,0.101
2886,51149,0.126
2887,51153,0.075
2888,51155,0.112
2889,51157,0.113
2890,51159,0.118
2891,51161,0.105
2892,51163,0.129
2893,51165,0.097
2894,51167,0.125
2895,51169,0.106
2896,51171,0.119
2897,51173,0.103
2898,51175,0.14
2899,51177,0.1
2900,51179,0.078
2901,51181,0.135
2902,51183,0.132
2903,51185,0.122
2904,51187,0.115
2905,51191,0.124
2906,51193,0.128
2907,51195,0.133
2908,51197,0.115
2909,51199,0.093
2910,51510,0.064
2911,51515,0.128
2912,51520,0.114
2913,51530,0.101
2914,51540,0.072
2915,51550,0.097
2916,51570,0.112
2917,51580,0.115
2918,51590,0.124
2919,51595,0.131
2920,51600,0.088
2921,51610,0.095
2922,51620,0.123
2923,51630,0.09
2924,51640,0.108
2925,51650,0.12
2926,51660,0.073
2927,51670,0.128
2928,51678,0.091
2929,51680,0.109
2930,51683,0.087
2931,51685,0.083
2932,51690,0.135
2933,51700,0.112
2934,51710,0.097
2935,51720,0.099
2936,51730,0.156
2937,51735,0.105
2938,51740,0.138
2939,51750,0.075
2940,51760,0.096
2941,51770,0.108
2942,51775,0.108
2943,51790,0.114
2944,51800,0.119
2945,51810,0.09
2946,51820,0.109
2947,51830,0.095
2948,51840,0.1
2949,53001,0.101
2950,53003,0.114
2951,53005,0.095
2952,53007,0.086
2953,53009,0.109
2954,53011,0.087
2955,53013,0.122
2956,53015,0.115
2957,53017,0.098
2958,53019,0.091
2959,53021,0.091
2960,53023,0.152
2961,53025,0.087
2962,53027,0.13
2963,53029,0.1
2964,53031,0.095
2965,53033,0.068
2966,53035,0.086
2967,53037,0.065
2968,53039,0.092
2969,53041,0.106
2970,53043,0.107
2971,53045,0.1
2972,53047,0.097
2973,53049,0.129
2974,53051,0.096
2975,53053,0.102
2976,53055,0.067
2977,53057,0.081
2978,53059,0.084
2979,53061,0.082
2980,53063,0.088
2981,53065,0.096
2982,53067,0.093
2983,53069,0.123
2984,53071,0.09
2985,53073,0.085
2986,53075,0.071
2987,53077,0.096
2988,54001,0.121
2989,54003,0.118
2990,54005,0.137
2991,54007,0.144
2992,54009,0.163
2993,54011,0.132
2994,54013,0.146
2995,54015,0.146
2996,54017,0.126
2997,54019,0.13
2998,54021,0.11
2999,54023,0.156
3000,54025,0.124
3001,54027,0.104
3002,54029,0.142
3003,54031,0.122
3004,54033,0.129
3005,54035,0.131
3006,54037,0.121
3007,54039,0.13
3008,54041,0.124
3009,54043,0.135
3010,54045,0.155
3011,54047,0.165
3012,54049,0.132
3013,54051,0.124
3014,54053,0.12
3015,54055,0.141
3016,54057,0.114
3017,54059,0.139
3018,54061,0.095
3019,54063,0.147
3020,54065,0.126
3021,54067,0.122
3022,54069,0.121
3023,54071,0.143
3024,54073,0.127
3025,54075,0.138
3026,54077,0.107
3027,54079,0.121
3028,54081,0.12
3029,54083,0.125
3030,54085,0.132
3031,54087,0.155
3032,54089,0.139
3033,54091,0.117
3034,54093,0.122
3035,54095,0.137
3036,54097,0.129
3037,54099,0.144
3038,54101,0.135
3039,54103,0.136
3040,54105,0.144
3041,54107,0.144
3042,54109,0.173
3043,55001,0.108
3044,55003,0.092
3045,55005,0.085
3046,55007,0.097
3047,55009,0.085
3048,55011,0.097
3049,55013,0.106
3050,55015,0.077
3051,55017,0.089
3052,55019,0.081
3053,55021,0.096
3054,55023,0.094
3055,55025,0.061
3056,55027,0.09
3057,55029,0.093
3058,55031,0.085
3059,55033,0.071
3060,55035,0.069
3061,55037,0.095
3062,55039,0.087
3063,55041,0.119
3064,55043,0.092
3065,55045,0.079
3066,55047,0.1
3067,55049,0.099
3068,55051,0.117
3069,55053,0.093
3070,55055,0.086
3071,55057,0.097
3072,55059,0.076
3073,55061,0.087
3074,55063,0.074
3075,55065,0.088
3076,55067,0.094
3077,55069,0.104
3078,55071,0.1
3079,55073,0.089
3080,55075,0.107
3081,55077,0.093
3082,55078,0.121
3083,55079,0.101
3084,55081,0.086
3085,55083,0.083
3086,55085,0.093
3087,55087,0.093
3088,55089,0.08
3089,55091,0.081
3090,55093,0.075
3091,55095,0.092
3092,55097,0.076
3093,55099,0.11
3094,55101,0.084
3095,55103,0.116
3096,55105,0.085
3097,55107,0.092
3098,55109,0.08
3099,55111,0.098
3100,55113,0.096
3101,55115,0.098
3102,55117,0.095
3103,55119,0.093
3104,55121,0.096
3105,55123,0.088
3106,55125,0.105
3107,55127,0.072
3108,55129,0.101
3109,55131,0.088
3110,55133,0.074
3111,55135,0.094
3112,55137,0.092
3113,55139,0.092
3114,55141,0.097
3115,56001,0.05
3116,56003,0.092
3117,56005,0.072
3118,56007,0.082
3119,56009,0.077
3120,56011,0.072
3121,56013,0.09
3122,56015,0.086
3123,56017,0.098
3124,56019,0.09
3125,56021,0.083
3126,56023,0.081
3127,56025,0.076
3128,56027,0.079
3129,56029,0.069
3130,56031,0.105
3131,56033,0.083
3132,56035,0.057
3133,56037,0.071
3134,56039,0.039
3135,56041,0.074
3136,56043,0.085
3137,56045,0.083
